Listing Title, Price
PS5 SONY PLAYSTATION 5 CONSOLE DIGITAL VERSION, SHIPS NOW üööüí®,1699.99
Sony PlayStation 5 Gaming Console Disc Version PS5 Brand NEW *PS5CONDISCD,1029.0
Sony PlayStation 5 Console Disc Version (PS5) Brand New - Ships Today,1399.99
Sony PlayStation 5 Console - Disc Edition PS5 New,999.99
üéÅ Sony PlayStation 5 (PS5) Disc Version Console | ‚úÖ NEW  ‚úÖ IN HAND ‚úÖ SHIPS NOW!,1299.99
Sony PlayStation 5 PS5 Disc version READY TO SHIP,987.65
Brand New Sony PlayStation 5 PS5 Disc Edition Console - IN HAND! FAST SHIP!,1099.99
Sony Playstation 5 PS5 Console Disc Version (Read Description),699.0
Sony PlayStation 5 Disc Edition,950.0
PS5 - PlayStation 5 Console Disk Version - BRAND NEW - IN HAND - READY TO SHIP,1200.0
Playstation 5 Console Disc Version- Brand New- Ready To Ship,995.0
Sony PlayStation 5 Disc Console PS5 BRAND NEW IN HAND SHIPS SAME DAY,1188.88
New Walmart Confirmed PlayStation 5 PS5 Disc Disk Console READ DESCRIPTION!!!!,1290.0
Sony Playstation 5 PS5 Console Disc Version (IMAGE Only READ DESCRIPTION),499.99
PS5 Sony PlayStation 5 CONSOLE DISC Version BRAND NEW - FREE 2 DAY SHIPPING,1349.99
Sony PlayStation 5 Console Disc Version PS5. IN HAND üî•BRAND NEW SHIPS NOWüî•,1749.99
PlayStation 5 Console DISC, BUNDLE, EXTRA CONTROLLER, SPIDERMAN! In Hand,1259.0
Sony PlayStation 5 Console Disc Version - NEW ‚úÖ 100% Rated Seller ‚úÖ,1170.0
Sony PlayStation 5 Console Disc Version (PS5) Brand New, +Pulse Headset!!!,930.0
Sony PlayStation 5 Console - White,1200.0
Sony PlayStation 5 PS5 Disc Version - Brand New - IN HAND - FREE FAST SHIPPING,1099.95
üî• Sony PlayStation 5 PS5 Disc Version - IN-HAND - FREE SHIPPING,1099.95
Sony PlayStation 5 BUNDLE - SAME DAY SHIPPING - TRUSTED SELLER disc disk ps5 blu,1244.0
NEW Sony PlayStation 5 Console Disc Version FREE FEDEX SHIPPING IN HAND,830.0
NIB Sony PlayStation 5 Disc version In Hand Ships ASAP PS5,975.0
Sony PlayStation 5 (PS5) Disc Version Console | ‚úÖ NEW  ‚úÖ IN HAND ‚úÖ SHIPS NOW!,975.0
Sony PlayStation 5 Digital¬†Edition, PS5 (Brand New),999.0
Sony Playstation 5 (PS5) DIGITAL¬†EDITION. BRAND NEW. *IN HAND* FAST SHIP,1000.0
Sony PlayStation 5 Console (PS5) - Disc BRAND NEW SHIPS NOW üööüí®,850.0
Sony Playstation 5 Console Disc Version PS5 - Ships NEXT day!,1250.0
PS5 - PlayStation 5 Console Disc Version,650.0
Sony Playstation 5 PS5 Consile Disc Veesion NEW/SEALED,820.0
Sony Playstation 5 DIGITAL¬†Edition,880.0
Sony PlayStation 5 Console Disc Version BRAND NEW IN HAND PS5 - Fast Shipping,999.99
playstation 5 disc version,930.0
Sony PlayStation 5 Console Digital Version PS5 üî•IN-HAND BRAND NEW SHIPS FASTüî•,1599.99
Sony PlayStation 5 Console - Disc Version (PS5) Brand New - SHIPS OVERNIGHT üööüí®,1649.99
‚úÖFREE SHIPPING‚úÖ PlayStation 5 (DISC) IN HAND ,1350.0
Sony PlayStation 5 PS5 Disc Edition | BRAND NEW |  üöö SHIPS SAME/NEXT DAY! üöö,950.0
Sony PlayStation 5 DISC VERSION PS5 Console IN HAND SHIPS Same Day,860.0
Sony PlayStation 5 Console Disc Version PS5 IN HAND** FREE 2 DAY SHIPPING**üî•,1298.0
Playstation 5 bundle in hand fast shipping ,710.0
üî•üî•Sony PlayStation 5 Disc Bundleüî•üî•,1200.0
Sony PS5 PlayStation 5 Console Disc Version Bundle + Controller & Game,1199.99
Sony PlayStation 5 Console Disc Version - NEW ‚úÖ 100% Rated Seller ‚úÖ,1150.99
Sony PlayStation 5 Console Disc Edition - SAME DAY SHIPPING with EXTRAS!!!,1229.0
PS5 - PlayStation 5 Console Disc Version,940.0
SONY PLAYSTATION 5 (PS5) CONSOLE  (DISC)- BRAND NEW - IN HAND - FAST SHIPPING!,1299.99
Sony PlayStation 5 Console PS5 Disc Version Bundle! With Spider-Man,900.0
Sony PlayStation 5 Console - White,930.0
Sony PlayStation 5 Console Disc Version - Ps5 in Hand | Ships FAST!¬†,710.0
Sony Playstation 5 PS5 Console Disc Version ,950.0
playstation 5 console disc version,1125.0
üî•SHIPS TODAYüî•üïπSony PlayStation 5 PS5 Disc Version incl. Wireless Controller,1075.95
PlayStation 5 (PS5) Disc Version *Brand New In Hand* Ships Free Within 24 Hours!,950.0
NEW SONY PLAYSTATION 5 DISC EDITION CONSOLE,1150.0
Sony PlayStation 5 PS5 Disc / BluRay Edition - Brand NEW - IN HAND, SHIPS NOW,1199.99
SEALED Sony PlayStation 5 DIGITAL VERSION Console - White üî•Inhand/FAST SHIPPING,720.0
BRAND NEW Sony PlayStation 5 Console Disc Version PS5.,1699.99
NEW Sony PlayStation 5 Console Disc Ver FREE OVER NIGHT SHIP EXTRA CONTROLLER,1549.99
PS5 SONY PLAYSTATION 5 CONSOLE DIGITAL VERSION, SHIPS NOW üööüí®,1699.99
Sony PlayStation 5 Gaming Console Disc Version PS5 Brand NEW *PS5CONDISCD,1029.0
Sony PlayStation 5 Console Disc Version (PS5) Brand New - Ships Today,1399.99
Sony PlayStation 5 Console - Disc Edition PS5 New,999.99
üéÅ Sony PlayStation 5 (PS5) Disc Version Console | ‚úÖ NEW  ‚úÖ IN HAND ‚úÖ SHIPS NOW!,1299.99
Sony PlayStation 5 PS5 Disc version READY TO SHIP,987.65
Brand New Sony PlayStation 5 PS5 Disc Edition Console - IN HAND! FAST SHIP!,1099.99
Sony Playstation 5 PS5 Console Disc Version (Read Description),699.0
Sony PlayStation 5 Disc Edition,950.0
PS5 - PlayStation 5 Console Disk Version - BRAND NEW - IN HAND - READY TO SHIP,1200.0
Playstation 5 Console Disc Version- Brand New- Ready To Ship,995.0
Sony PlayStation 5 Disc Console PS5 BRAND NEW IN HAND SHIPS SAME DAY,1188.88
New Walmart Confirmed PlayStation 5 PS5 Disc Disk Console READ DESCRIPTION!!!!,1290.0
Sony Playstation 5 PS5 Console Disc Version (IMAGE Only READ DESCRIPTION),499.99
PS5 Sony PlayStation 5 CONSOLE DISC Version BRAND NEW - FREE 2 DAY SHIPPING,1349.99
Sony PlayStation 5 Console Disc Version PS5. IN HAND üî•BRAND NEW SHIPS NOWüî•,1749.99
PlayStation 5 Console DISC, BUNDLE, EXTRA CONTROLLER, SPIDERMAN! In Hand,1259.0
Sony PlayStation 5 Console Disc Version - NEW ‚úÖ 100% Rated Seller ‚úÖ,1170.0
Sony PlayStation 5 Console Disc Version (PS5) Brand New, +Pulse Headset!!!,930.0
Sony PlayStation 5 Console - White,1200.0
Sony PlayStation 5 PS5 Disc Version - Brand New - IN HAND - FREE FAST SHIPPING,1099.95
üî• Sony PlayStation 5 PS5 Disc Version - IN-HAND - FREE SHIPPING,1099.95
Sony PlayStation 5 BUNDLE - SAME DAY SHIPPING - TRUSTED SELLER disc disk ps5 blu,1244.0
NEW Sony PlayStation 5 Console Disc Version FREE FEDEX SHIPPING IN HAND,830.0
NIB Sony PlayStation 5 Disc version In Hand Ships ASAP PS5,975.0
Sony PlayStation 5 (PS5) Disc Version Console | ‚úÖ NEW  ‚úÖ IN HAND ‚úÖ SHIPS NOW!,975.0
Sony PlayStation 5 Digital¬†Edition, PS5 (Brand New),999.0
Sony Playstation 5 Console Disc Version PS5 - Ships NEXT day!,1250.0
Sony PlayStation 5 Console (PS5) - Disc BRAND NEW SHIPS NOW üööüí®,850.0
Sony Playstation 5 (PS5) DIGITAL¬†EDITION. BRAND NEW. *IN HAND* FAST SHIP,1000.0
PS5 - PlayStation 5 Console Disc Version,650.0
Sony Playstation 5 PS5 Consile Disc Veesion NEW/SEALED,820.0
Sony Playstation 5 DIGITAL¬†Edition,880.0
Sony PlayStation 5 Console Disc Version BRAND NEW IN HAND PS5 - Fast Shipping,999.99
playstation 5 disc version,930.0
Sony PlayStation 5 Console Digital Version PS5 üî•IN-HAND BRAND NEW SHIPS FASTüî•,1599.99
Sony PlayStation 5 Console - Disc Version (PS5) Brand New - SHIPS OVERNIGHT üööüí®,1649.99
‚úÖFREE SHIPPING‚úÖ PlayStation 5 (DISC) IN HAND ,1350.0
Sony PlayStation 5 DISC VERSION PS5 Console IN HAND SHIPS Same Day,860.0
Sony PlayStation 5 PS5 Disc Edition | BRAND NEW |  üöö SHIPS SAME/NEXT DAY! üöö,950.0
Sony PlayStation 5 Console Disc Version PS5 IN HAND** FREE 2 DAY SHIPPING**üî•,1298.0
Playstation 5 bundle in hand fast shipping ,710.0
üî•üî•Sony PlayStation 5 Disc Bundleüî•üî•,1200.0
Sony PlayStation 5 Console Disc Version - NEW ‚úÖ 100% Rated Seller ‚úÖ,1150.99
Sony PlayStation 5 Console Disc Edition - SAME DAY SHIPPING with EXTRAS!!!,1229.0
PS5 - PlayStation 5 Console Disc Version,940.0
Sony PS5 PlayStation 5 Console Disc Version Bundle + Controller & Game,1199.99
SONY PLAYSTATION 5 (PS5) CONSOLE  (DISC)- BRAND NEW - IN HAND - FAST SHIPPING!,1299.99
Sony PlayStation 5 Console PS5 Disc Version Bundle! With Spider-Man,900.0
Sony PlayStation 5 Console - White,930.0
Sony PlayStation 5 Console Disc Version - Ps5 in Hand | Ships FAST!¬†,710.0
Sony Playstation 5 PS5 Console Disc Version ,950.0
playstation 5 console disc version,1125.0
üî•SHIPS TODAYüî•üïπSony PlayStation 5 PS5 Disc Version incl. Wireless Controller,1075.95
PlayStation 5 (PS5) Disc Version *Brand New In Hand* Ships Free Within 24 Hours!,950.0
NEW SONY PLAYSTATION 5 DISC EDITION CONSOLE,1150.0
Sony PlayStation 5 PS5 Disc / BluRay Edition - Brand NEW - IN HAND, SHIPS NOW,1199.99
SEALED Sony PlayStation 5 DIGITAL VERSION Console - White üî•Inhand/FAST SHIPPING,720.0
BRAND NEW Sony PlayStation 5 Console Disc Version PS5.,1699.99
NEW Sony PlayStation 5 Console Disc Ver FREE OVER NIGHT SHIP EXTRA CONTROLLER,1549.99
PS5 SONY PLAYSTATION 5 CONSOLE DIGITAL VERSION, SHIPS NOW üööüí®,1699.99
Sony PlayStation 5 Gaming Console Disc Version PS5 Brand NEW *PS5CONDISCD,1029.0
Sony PlayStation 5 Console Disc Version (PS5) Brand New - Ships Today,1399.99
Sony PlayStation 5 Console - Disc Edition PS5 New,999.99
üéÅ Sony PlayStation 5 (PS5) Disc Version Console | ‚úÖ NEW  ‚úÖ IN HAND ‚úÖ SHIPS NOW!,1299.99
Sony PlayStation 5 PS5 Disc version READY TO SHIP,987.65
Brand New Sony PlayStation 5 PS5 Disc Edition Console - IN HAND! FAST SHIP!,1099.99
Sony Playstation 5 PS5 Console Disc Version (Read Description),699.0
Sony PlayStation 5 Disc Edition,950.0
PS5 - PlayStation 5 Console Disk Version - BRAND NEW - IN HAND - READY TO SHIP,1200.0
Playstation 5 Console Disc Version- Brand New- Ready To Ship,995.0
Sony PlayStation 5 Disc Console PS5 BRAND NEW IN HAND SHIPS SAME DAY,1188.88
New Walmart Confirmed PlayStation 5 PS5 Disc Disk Console READ DESCRIPTION!!!!,1290.0
Sony Playstation 5 PS5 Console Disc Version (IMAGE Only READ DESCRIPTION),499.99
PS5 Sony PlayStation 5 CONSOLE DISC Version BRAND NEW - FREE 2 DAY SHIPPING,1349.99
Sony PlayStation 5 Console Disc Version PS5. IN HAND üî•BRAND NEW SHIPS NOWüî•,1749.99
PlayStation 5 Console DISC, BUNDLE, EXTRA CONTROLLER, SPIDERMAN! In Hand,1259.0
Sony PlayStation 5 Console Disc Version (PS5) Brand New, +Pulse Headset!!!,930.0
Sony PlayStation 5 Console Disc Version - NEW ‚úÖ 100% Rated Seller ‚úÖ,1170.0
Sony PlayStation 5 Console - White,999.0
Sony PlayStation 5 PS5 Disc Version - Brand New - IN HAND - FREE FAST SHIPPING,1099.95
üî• Sony PlayStation 5 PS5 Disc Version - IN-HAND - FREE SHIPPING,1099.95
Sony PlayStation 5 BUNDLE - SAME DAY SHIPPING - TRUSTED SELLER disc disk ps5 blu,1244.0
NEW Sony PlayStation 5 Console Disc Version FREE FEDEX SHIPPING IN HAND,830.0
NIB Sony PlayStation 5 Disc version In Hand Ships ASAP PS5,975.0
Sony PlayStation 5 (PS5) Disc Version Console | ‚úÖ NEW  ‚úÖ IN HAND ‚úÖ SHIPS NOW!,975.0
Sony PlayStation 5 Digital¬†Edition, PS5 (Brand New),999.0
Sony Playstation 5 (PS5) DIGITAL¬†EDITION. BRAND NEW. *IN HAND* FAST SHIP,1000.0
Sony PlayStation 5 Console (PS5) - Disc BRAND NEW SHIPS NOW üööüí®,850.0
Sony Playstation 5 Console Disc Version PS5 - Ships NEXT day!,1250.0
PS5 - PlayStation 5 Console Disc Version,650.0
Sony Playstation 5 PS5 Consile Disc Veesion NEW/SEALED,820.0
Sony Playstation 5 DIGITAL¬†Edition,880.0
Sony PlayStation 5 Console Disc Version BRAND NEW IN HAND PS5 - Fast Shipping,999.99
playstation 5 disc version,930.0
Sony PlayStation 5 Console Digital Version PS5 üî•IN-HAND BRAND NEW SHIPS FASTüî•,1599.99
Sony PlayStation 5 Console - Disc Version (PS5) Brand New - SHIPS OVERNIGHT üööüí®,1649.99
‚úÖFREE SHIPPING‚úÖ PlayStation 5 (DISC) IN HAND ,1350.0
Sony PlayStation 5 PS5 Disc Edition | BRAND NEW |  üöö SHIPS SAME/NEXT DAY! üöö,950.0
Sony PlayStation 5 DISC VERSION PS5 Console IN HAND SHIPS Same Day,860.0
Sony PlayStation 5 Console Disc Version PS5 IN HAND** FREE 2 DAY SHIPPING**üî•,1298.0
Playstation 5 bundle in hand fast shipping ,710.0
üî•üî•Sony PlayStation 5 Disc Bundleüî•üî•,1200.0
Sony PS5 PlayStation 5 Console Disc Version Bundle + Controller & Game,1199.99
Sony PlayStation 5 Console Disc Version - NEW ‚úÖ 100% Rated Seller ‚úÖ,1150.99
Sony PlayStation 5 Console Disc Edition - SAME DAY SHIPPING with EXTRAS!!!,1229.0
PS5 - PlayStation 5 Console Disc Version,940.0
SONY PLAYSTATION 5 (PS5) CONSOLE  (DISC)- BRAND NEW - IN HAND - FAST SHIPPING!,1299.99
Sony PlayStation 5 Console PS5 Disc Version Bundle! With Spider-Man,900.0
Sony PlayStation 5 Console - White,930.0
Sony PlayStation 5 Console Disc Version - Ps5 in Hand | Ships FAST!¬†,710.0
Sony Playstation 5 PS5 Console Disc Version ,950.0
playstation 5 console disc version,1125.0
üî•SHIPS TODAYüî•üïπSony PlayStation 5 PS5 Disc Version incl. Wireless Controller,1075.95
PlayStation 5 (PS5) Disc Version *Brand New In Hand* Ships Free Within 24 Hours!,950.0
NEW SONY PLAYSTATION 5 DISC EDITION CONSOLE,1150.0
Sony Playstation 5 Bluray Disc Version Console PS5 IN HAND SHIPS NOW FAST,1049.99
Sony PlayStation 5 PS5 Disc / BluRay Edition - Brand NEW - IN HAND, SHIPS NOW,1199.99
BRAND NEW Sony PlayStation 5 Console Disc Version PS5.,1699.99
NEW Sony PlayStation 5 Console Disc Ver FREE OVER NIGHT SHIP EXTRA CONTROLLER,1549.99
PS5 SONY PLAYSTATION 5 CONSOLE DIGITAL VERSION, SHIPS NOW üööüí®,1699.99
Sony PlayStation 5 Gaming Console Disc Version PS5 Brand NEW *PS5CONDISCD,1029.0
Sony PlayStation 5 Console Disc Version (PS5) Brand New - Ships Today,1399.99
Sony PlayStation 5 Console - Disc Edition PS5 New,999.99
üéÅ Sony PlayStation 5 (PS5) Disc Version Console | ‚úÖ NEW  ‚úÖ IN HAND ‚úÖ SHIPS NOW!,1299.99
Sony PlayStation 5 PS5 Disc version READY TO SHIP,987.65
Brand New Sony PlayStation 5 PS5 Disc Edition Console - IN HAND! FAST SHIP!,1099.99
Sony Playstation 5 PS5 Console Disc Version (Read Description),699.0
Sony PlayStation 5 Disc Edition,950.0
PS5 - PlayStation 5 Console Disk Version - BRAND NEW - IN HAND - READY TO SHIP,1200.0
Playstation 5 Console Disc Version- Brand New- Ready To Ship,995.0
Sony PlayStation 5 Disc Console PS5 BRAND NEW IN HAND SHIPS SAME DAY,1188.88
New Walmart Confirmed PlayStation 5 PS5 Disc Disk Console READ DESCRIPTION!!!!,1290.0
Sony Playstation 5 PS5 Console Disc Version (IMAGE Only READ DESCRIPTION),499.99
PS5 Sony PlayStation 5 CONSOLE DISC Version BRAND NEW - FREE 2 DAY SHIPPING,1349.99
Sony PlayStation 5 Console Disc Version PS5. IN HAND üî•BRAND NEW SHIPS NOWüî•,1749.99
PlayStation 5 Console DISC, BUNDLE, EXTRA CONTROLLER, SPIDERMAN! In Hand,1259.0
Sony PlayStation 5 Console Disc Version - NEW ‚úÖ 100% Rated Seller ‚úÖ,1170.0
Sony PlayStation 5 Console Disc Version (PS5) Brand New, +Pulse Headset!!!,930.0
Sony PlayStation 5 Console - White,1200.0
Sony PlayStation 5 PS5 Disc Version - Brand New - IN HAND - FREE FAST SHIPPING,1099.95
üî• Sony PlayStation 5 PS5 Disc Version - IN-HAND - FREE SHIPPING,1099.95
Sony PlayStation 5 BUNDLE - SAME DAY SHIPPING - TRUSTED SELLER disc disk ps5 blu,1244.0
NEW Sony PlayStation 5 Console Disc Version FREE FEDEX SHIPPING IN HAND,830.0
NIB Sony PlayStation 5 Disc version In Hand Ships ASAP PS5,975.0
Sony PlayStation 5 (PS5) Disc Version Console | ‚úÖ NEW  ‚úÖ IN HAND ‚úÖ SHIPS NOW!,975.0
Sony PlayStation 5 Digital¬†Edition, PS5 (Brand New),999.0
Sony Playstation 5 (PS5) DIGITAL¬†EDITION. BRAND NEW. *IN HAND* FAST SHIP,1000.0
Sony PlayStation 5 Console (PS5) - Disc BRAND NEW SHIPS NOW üööüí®,850.0
Sony Playstation 5 Console Disc Version PS5 - Ships NEXT day!,1250.0
PS5 - PlayStation 5 Console Disc Version,650.0
Sony Playstation 5 PS5 Consile Disc Veesion NEW/SEALED,820.0
Sony Playstation 5 DIGITAL¬†Edition,880.0
Sony PlayStation 5 Console Disc Version BRAND NEW IN HAND PS5 - Fast Shipping,999.99
playstation 5 disc version,930.0
Sony PlayStation 5 Console Digital Version PS5 üî•IN-HAND BRAND NEW SHIPS FASTüî•,1599.99
Sony PlayStation 5 Console - Disc Version (PS5) Brand New - SHIPS OVERNIGHT üööüí®,1649.99
‚úÖFREE SHIPPING‚úÖ PlayStation 5 (DISC) IN HAND ,1350.0
Sony PlayStation 5 PS5 Disc Edition | BRAND NEW |  üöö SHIPS SAME/NEXT DAY! üöö,950.0
Sony PlayStation 5 DISC VERSION PS5 Console IN HAND SHIPS Same Day,860.0
Sony PlayStation 5 Console Disc Version PS5 IN HAND** FREE 2 DAY SHIPPING**üî•,1298.0
Playstation 5 bundle in hand fast shipping ,710.0
üî•üî•Sony PlayStation 5 Disc Bundleüî•üî•,1200.0
Sony PS5 PlayStation 5 Console Disc Version Bundle + Controller & Game,1199.99
Sony PlayStation 5 Console Disc Version - NEW ‚úÖ 100% Rated Seller ‚úÖ,1150.99
Sony PlayStation 5 Console Disc Edition - SAME DAY SHIPPING with EXTRAS!!!,1229.0
PS5 - PlayStation 5 Console Disc Version,940.0
SONY PLAYSTATION 5 (PS5) CONSOLE  (DISC)- BRAND NEW - IN HAND - FAST SHIPPING!,1299.99
Sony PlayStation 5 Console PS5 Disc Version Bundle! With Spider-Man,900.0
Sony PlayStation 5 Console - White,930.0
Sony PlayStation 5 Console Disc Version - Ps5 in Hand | Ships FAST!¬†,710.0
Sony Playstation 5 PS5 Console Disc Version ,950.0
playstation 5 console disc version,1125.0
üî•SHIPS TODAYüî•üïπSony PlayStation 5 PS5 Disc Version incl. Wireless Controller,1075.95
PlayStation 5 (PS5) Disc Version *Brand New In Hand* Ships Free Within 24 Hours!,950.0
NEW SONY PLAYSTATION 5 DISC EDITION CONSOLE,1150.0
Sony PlayStation 5 PS5 Disc / BluRay Edition - Brand NEW - IN HAND, SHIPS NOW,1199.99
Sony Playstation 5 Bluray Disc Version Console PS5 IN HAND SHIPS NOW FAST,1049.99
BRAND NEW Sony PlayStation 5 Console Disc Version PS5.,1699.99
NEW Sony PlayStation 5 Console Disc Ver FREE OVER NIGHT SHIP EXTRA CONTROLLER,1549.99
PS5 SONY PLAYSTATION 5 CONSOLE DIGITAL VERSION, SHIPS NOW üööüí®,1699.99
Sony PlayStation 5 Gaming Console Disc Version PS5 Brand NEW *PS5CONDISCD,1029.0
Sony PlayStation 5 Console Disc Version (PS5) Brand New - Ships Today,1399.99
Sony PlayStation 5 Console - Disc Edition PS5 New,999.99
üéÅ Sony PlayStation 5 (PS5) Disc Version Console | ‚úÖ NEW  ‚úÖ IN HAND ‚úÖ SHIPS NOW!,1299.99
Sony PlayStation 5 PS5 Disc version READY TO SHIP,987.65
Brand New Sony PlayStation 5 PS5 Disc Edition Console - IN HAND! FAST SHIP!,1099.99
Sony Playstation 5 PS5 Console Disc Version (Read Description),699.0
Sony PlayStation 5 Disc Edition,950.0
PS5 - PlayStation 5 Console Disk Version - BRAND NEW - IN HAND - READY TO SHIP,1200.0
Playstation 5 Console Disc Version- Brand New- Ready To Ship,995.0
Sony PlayStation 5 Disc Console PS5 BRAND NEW IN HAND SHIPS SAME DAY,1188.88
New Walmart Confirmed PlayStation 5 PS5 Disc Disk Console READ DESCRIPTION!!!!,1290.0
Sony Playstation 5 PS5 Console Disc Version (IMAGE Only READ DESCRIPTION),499.99
PS5 Sony PlayStation 5 CONSOLE DISC Version BRAND NEW - FREE 2 DAY SHIPPING,1349.99
Sony PlayStation 5 Console Disc Version PS5. IN HAND üî•BRAND NEW SHIPS NOWüî•,1749.99
PlayStation 5 Console DISC, BUNDLE, EXTRA CONTROLLER, SPIDERMAN! In Hand,1259.0
Sony PlayStation 5 Console Disc Version - NEW ‚úÖ 100% Rated Seller ‚úÖ,1170.0
Sony PlayStation 5 Console Disc Version (PS5) Brand New, +Pulse Headset!!!,930.0
Sony PlayStation 5 Console - White,1200.0
Sony PlayStation 5 PS5 Disc Version - Brand New - IN HAND - FREE FAST SHIPPING,1099.95
üî• Sony PlayStation 5 PS5 Disc Version - IN-HAND - FREE SHIPPING,1099.95
Sony PlayStation 5 BUNDLE - SAME DAY SHIPPING - TRUSTED SELLER disc disk ps5 blu,1244.0
NEW Sony PlayStation 5 Console Disc Version FREE FEDEX SHIPPING IN HAND,830.0
NIB Sony PlayStation 5 Disc version In Hand Ships ASAP PS5,975.0
Sony PlayStation 5 (PS5) Disc Version Console | ‚úÖ NEW  ‚úÖ IN HAND ‚úÖ SHIPS NOW!,975.0
Sony PlayStation 5 Digital¬†Edition, PS5 (Brand New),999.0
Sony Playstation 5 (PS5) DIGITAL¬†EDITION. BRAND NEW. *IN HAND* FAST SHIP,1000.0
Sony PlayStation 5 Console (PS5) - Disc BRAND NEW SHIPS NOW üööüí®,850.0
Sony Playstation 5 Console Disc Version PS5 - Ships NEXT day!,1250.0
PS5 - PlayStation 5 Console Disc Version,650.0
Sony Playstation 5 PS5 Consile Disc Veesion NEW/SEALED,820.0
Sony Playstation 5 DIGITAL¬†Edition,880.0
Sony PlayStation 5 Console Disc Version BRAND NEW IN HAND PS5 - Fast Shipping,999.99
playstation 5 disc version,930.0
Sony PlayStation 5 Console Digital Version PS5 üî•IN-HAND BRAND NEW SHIPS FASTüî•,1599.99
Sony PlayStation 5 Console - Disc Version (PS5) Brand New - SHIPS OVERNIGHT üööüí®,1649.99
‚úÖFREE SHIPPING‚úÖ PlayStation 5 (DISC) IN HAND ,1350.0
Sony PlayStation 5 PS5 Disc Edition | BRAND NEW |  üöö SHIPS SAME/NEXT DAY! üöö,950.0
Sony PlayStation 5 DISC VERSION PS5 Console IN HAND SHIPS Same Day,860.0
Sony PlayStation 5 Console Disc Version PS5 IN HAND** FREE 2 DAY SHIPPING**üî•,1298.0
Playstation 5 bundle in hand fast shipping ,710.0
üî•üî•Sony PlayStation 5 Disc Bundleüî•üî•,1200.0
Sony PlayStation 5 Console Disc Version - NEW ‚úÖ 100% Rated Seller ‚úÖ,1150.99
Sony PlayStation 5 Console Disc Edition - SAME DAY SHIPPING with EXTRAS!!!,1229.0
PS5 - PlayStation 5 Console Disc Version,940.0
Sony PS5 PlayStation 5 Console Disc Version Bundle + Controller & Game,1199.99
SONY PLAYSTATION 5 (PS5) CONSOLE  (DISC)- BRAND NEW - IN HAND - FAST SHIPPING!,1299.99
Sony PlayStation 5 Console PS5 Disc Version Bundle! With Spider-Man,900.0
Sony PlayStation 5 Console - White,930.0
Sony PlayStation 5 Console Disc Version - Ps5 in Hand | Ships FAST!¬†,710.0
Sony Playstation 5 PS5 Console Disc Version ,950.0
playstation 5 console disc version,1125.0
üî•SHIPS TODAYüî•üïπSony PlayStation 5 PS5 Disc Version incl. Wireless Controller,1075.95
PlayStation 5 (PS5) Disc Version *Brand New In Hand* Ships Free Within 24 Hours!,950.0
NEW SONY PLAYSTATION 5 DISC EDITION CONSOLE,1150.0
Sony PlayStation 5 PS5 Disc / BluRay Edition - Brand NEW - IN HAND, SHIPS NOW,1199.99
Sony Playstation 5 Bluray Disc Version Console PS5 IN HAND SHIPS NOW FAST,1049.99
BRAND NEW Sony PlayStation 5 Console Disc Version PS5.,1699.99
NEW Sony PlayStation 5 Console Disc Ver FREE OVER NIGHT SHIP EXTRA CONTROLLER,1549.99
PS5 SONY PLAYSTATION 5 CONSOLE DIGITAL VERSION, SHIPS NOW üööüí®,1699.99
Sony PlayStation 5 Gaming Console Disc Version PS5 Brand NEW *PS5CONDISCD,1029.0
Sony PlayStation 5 Console Disc Version (PS5) Brand New - Ships Today,1399.99
Sony PlayStation 5 Console - Disc Edition PS5 New,999.99
üéÅ Sony PlayStation 5 (PS5) Disc Version Console | ‚úÖ NEW  ‚úÖ IN HAND ‚úÖ SHIPS NOW!,1299.99
Sony PlayStation 5 PS5 Disc version READY TO SHIP,987.65
Brand New Sony PlayStation 5 PS5 Disc Edition Console - IN HAND! FAST SHIP!,1099.99
Sony Playstation 5 PS5 Console Disc Version (Read Description),699.0
Sony PlayStation 5 Disc Edition,950.0
PS5 - PlayStation 5 Console Disk Version - BRAND NEW - IN HAND - READY TO SHIP,1200.0
Playstation 5 Console Disc Version- Brand New- Ready To Ship,995.0
Sony PlayStation 5 Disc Console PS5 BRAND NEW IN HAND SHIPS SAME DAY,1188.88
New Walmart Confirmed PlayStation 5 PS5 Disc Disk Console READ DESCRIPTION!!!!,1290.0
Sony Playstation 5 PS5 Console Disc Version (IMAGE Only READ DESCRIPTION),499.99
PS5 Sony PlayStation 5 CONSOLE DISC Version BRAND NEW - FREE 2 DAY SHIPPING,1349.99
Sony PlayStation 5 Console Disc Version PS5. IN HAND üî•BRAND NEW SHIPS NOWüî•,1749.99
PlayStation 5 Console DISC, BUNDLE, EXTRA CONTROLLER, SPIDERMAN! In Hand,1259.0
Sony PlayStation 5 Console Disc Version - NEW ‚úÖ 100% Rated Seller ‚úÖ,1170.0
Sony PlayStation 5 Console Disc Version (PS5) Brand New, +Pulse Headset!!!,930.0
Sony PlayStation 5 Console - White,1200.0
Sony PlayStation 5 PS5 Disc Version - Brand New - IN HAND - FREE FAST SHIPPING,1099.95
üî• Sony PlayStation 5 PS5 Disc Version - IN-HAND - FREE SHIPPING,1099.95
Sony PlayStation 5 BUNDLE - SAME DAY SHIPPING - TRUSTED SELLER disc disk ps5 blu,1244.0
NEW Sony PlayStation 5 Console Disc Version FREE FEDEX SHIPPING IN HAND,830.0
Sony PlayStation 5 (PS5) Disc Version Console | ‚úÖ NEW  ‚úÖ IN HAND ‚úÖ SHIPS NOW!,975.0
Sony PlayStation 5 Digital¬†Edition, PS5 (Brand New),999.0
Sony Playstation 5 (PS5) DIGITAL¬†EDITION. BRAND NEW. *IN HAND* FAST SHIP,1000.0
Sony PlayStation 5 Console (PS5) - Disc BRAND NEW SHIPS NOW üööüí®,850.0
Sony Playstation 5 Console Disc Version PS5 - Ships NEXT day!,1250.0
NIB Sony PlayStation 5 Disc version In Hand Ships ASAP PS5,975.0
PS5 - PlayStation 5 Console Disc Version,650.0
Sony Playstation 5 PS5 Consile Disc Veesion NEW/SEALED,820.0
Sony Playstation 5 DIGITAL¬†Edition,880.0
Sony PlayStation 5 Console Disc Version BRAND NEW IN HAND PS5 - Fast Shipping,999.99
playstation 5 disc version,930.0
Sony PlayStation 5 Console Digital Version PS5 üî•IN-HAND BRAND NEW SHIPS FASTüî•,1599.99
Sony PlayStation 5 Console - Disc Version (PS5) Brand New - SHIPS OVERNIGHT üööüí®,1649.99
‚úÖFREE SHIPPING‚úÖ PlayStation 5 (DISC) IN HAND ,1350.0
Sony PlayStation 5 PS5 Disc Edition | BRAND NEW |  üöö SHIPS SAME/NEXT DAY! üöö,950.0
Sony PlayStation 5 DISC VERSION PS5 Console IN HAND SHIPS Same Day,860.0
Sony PlayStation 5 Console Disc Version PS5 IN HAND** FREE 2 DAY SHIPPING**üî•,1298.0
Playstation 5 bundle in hand fast shipping ,710.0
üî•üî•Sony PlayStation 5 Disc Bundleüî•üî•,1200.0
Sony PS5 PlayStation 5 Console Disc Version Bundle + Controller & Game,1199.99
Sony PlayStation 5 Console Disc Version - NEW ‚úÖ 100% Rated Seller ‚úÖ,1150.99
Sony PlayStation 5 Console Disc Edition - SAME DAY SHIPPING with EXTRAS!!!,1229.0
PS5 - PlayStation 5 Console Disc Version,940.0
SONY PLAYSTATION 5 (PS5) CONSOLE  (DISC)- BRAND NEW - IN HAND - FAST SHIPPING!,1299.99
Sony PlayStation 5 Console PS5 Disc Version Bundle! With Spider-Man,900.0
Sony PlayStation 5 Console - White,930.0
Sony PlayStation 5 Console Disc Version - Ps5 in Hand | Ships FAST!¬†,710.0
Sony Playstation 5 PS5 Console Disc Version ,950.0
playstation 5 console disc version,1125.0
üî•SHIPS TODAYüî•üïπSony PlayStation 5 PS5 Disc Version incl. Wireless Controller,1075.95
PlayStation 5 (PS5) Disc Version *Brand New In Hand* Ships Free Within 24 Hours!,950.0
NEW SONY PLAYSTATION 5 DISC EDITION CONSOLE,1150.0
Sony Playstation 5 Bluray Disc Version Console PS5 IN HAND SHIPS NOW FAST,1049.99
Sony PlayStation 5 PS5 Disc / BluRay Edition - Brand NEW - IN HAND, SHIPS NOW,1199.99
BRAND NEW Sony PlayStation 5 Console Disc Version PS5.,1699.99
NEW Sony PlayStation 5 Console Disc Ver FREE OVER NIGHT SHIP EXTRA CONTROLLER,1549.99
PS5 SONY PLAYSTATION 5 CONSOLE DIGITAL VERSION, SHIPS NOW üööüí®,1699.99
Sony PlayStation 5 Gaming Console Disc Version PS5 Brand NEW *PS5CONDISCD,1029.0
Sony PlayStation 5 Console Disc Version (PS5) Brand New - Ships Today,1399.99
Sony PlayStation 5 Console - Disc Edition PS5 New,999.99
üéÅ Sony PlayStation 5 (PS5) Disc Version Console | ‚úÖ NEW  ‚úÖ IN HAND ‚úÖ SHIPS NOW!,1299.99
Sony PlayStation 5 PS5 Disc version READY TO SHIP,987.65
Brand New Sony PlayStation 5 PS5 Disc Edition Console - IN HAND! FAST SHIP!,1099.99
Sony Playstation 5 PS5 Console Disc Version (Read Description),699.0
Sony PlayStation 5 Disc Edition,950.0
PS5 - PlayStation 5 Console Disk Version - BRAND NEW - IN HAND - READY TO SHIP,1200.0
Playstation 5 Console Disc Version- Brand New- Ready To Ship,995.0
Sony PlayStation 5 Disc Console PS5 BRAND NEW IN HAND SHIPS SAME DAY,1188.88
New Walmart Confirmed PlayStation 5 PS5 Disc Disk Console READ DESCRIPTION!!!!,1290.0
Sony Playstation 5 PS5 Console Disc Version (IMAGE Only READ DESCRIPTION),499.99
PS5 Sony PlayStation 5 CONSOLE DISC Version BRAND NEW - FREE 2 DAY SHIPPING,1349.99
Sony PlayStation 5 Console Disc Version PS5. IN HAND üî•BRAND NEW SHIPS NOWüî•,1749.99
PlayStation 5 Console DISC, BUNDLE, EXTRA CONTROLLER, SPIDERMAN! In Hand,1259.0
Sony PlayStation 5 Console Disc Version - NEW ‚úÖ 100% Rated Seller ‚úÖ,1170.0
Sony PlayStation 5 Console Disc Version (PS5) Brand New, +Pulse Headset!!!,930.0
Sony PlayStation 5 Console - White,1200.0
Sony PlayStation 5 PS5 Disc Version - Brand New - IN HAND - FREE FAST SHIPPING,1099.95
üî• Sony PlayStation 5 PS5 Disc Version - IN-HAND - FREE SHIPPING,1099.95
Sony PlayStation 5 BUNDLE - SAME DAY SHIPPING - TRUSTED SELLER disc disk ps5 blu,1244.0
NEW Sony PlayStation 5 Console Disc Version FREE FEDEX SHIPPING IN HAND,830.0
NIB Sony PlayStation 5 Disc version In Hand Ships ASAP PS5,975.0
Sony PlayStation 5 (PS5) Disc Version Console | ‚úÖ NEW  ‚úÖ IN HAND ‚úÖ SHIPS NOW!,975.0
Sony PlayStation 5 Digital¬†Edition, PS5 (Brand New),999.0
Sony Playstation 5 (PS5) DIGITAL¬†EDITION. BRAND NEW. *IN HAND* FAST SHIP,1000.0
Sony PlayStation 5 Console (PS5) - Disc BRAND NEW SHIPS NOW üööüí®,850.0
Sony Playstation 5 Console Disc Version PS5 - Ships NEXT day!,1250.0
PS5 - PlayStation 5 Console Disc Version,650.0
Sony Playstation 5 PS5 Consile Disc Veesion NEW/SEALED,820.0
Sony Playstation 5 DIGITAL¬†Edition,880.0
Sony PlayStation 5 Console Disc Version BRAND NEW IN HAND PS5 - Fast Shipping,999.99
playstation 5 disc version,930.0
Sony PlayStation 5 Console Digital Version PS5 üî•IN-HAND BRAND NEW SHIPS FASTüî•,1599.99
Sony PlayStation 5 Console - Disc Version (PS5) Brand New - SHIPS OVERNIGHT üööüí®,1649.99
‚úÖFREE SHIPPING‚úÖ PlayStation 5 (DISC) IN HAND ,1350.0
Sony PlayStation 5 DISC VERSION PS5 Console IN HAND SHIPS Same Day,860.0
Sony PlayStation 5 PS5 Disc Edition | BRAND NEW |  üöö SHIPS SAME/NEXT DAY! üöö,950.0
Sony PlayStation 5 Console Disc Version PS5 IN HAND** FREE 2 DAY SHIPPING**üî•,1298.0
Playstation 5 bundle in hand fast shipping ,710.0
üî•üî•Sony PlayStation 5 Disc Bundleüî•üî•,1200.0
Sony PS5 PlayStation 5 Console Disc Version Bundle + Controller & Game,1199.99
Sony PlayStation 5 Console Disc Version - NEW ‚úÖ 100% Rated Seller ‚úÖ,1150.99
Sony PlayStation 5 Console Disc Edition - SAME DAY SHIPPING with EXTRAS!!!,1229.0
PS5 - PlayStation 5 Console Disc Version,940.0
SONY PLAYSTATION 5 (PS5) CONSOLE  (DISC)- BRAND NEW - IN HAND - FAST SHIPPING!,1299.99
Sony PlayStation 5 Console PS5 Disc Version Bundle! With Spider-Man,900.0
Sony PlayStation 5 Console - White,930.0
Sony PlayStation 5 Console Disc Version - Ps5 in Hand | Ships FAST!¬†,710.0
Sony Playstation 5 PS5 Console Disc Version ,950.0
playstation 5 console disc version,1125.0
üî•SHIPS TODAYüî•üïπSony PlayStation 5 PS5 Disc Version incl. Wireless Controller,1075.95
PlayStation 5 (PS5) Disc Version *Brand New In Hand* Ships Free Within 24 Hours!,950.0
NEW SONY PLAYSTATION 5 DISC EDITION CONSOLE,1150.0
Sony PlayStation 5 PS5 Disc / BluRay Edition - Brand NEW - IN HAND, SHIPS NOW,1199.99
Sony Playstation 5 Bluray Disc Version Console PS5 IN HAND SHIPS NOW FAST,1049.99
BRAND NEW Sony PlayStation 5 Console Disc Version PS5.,1699.99
NEW Sony PlayStation 5 Console Disc Ver FREE OVER NIGHT SHIP EXTRA CONTROLLER,1549.99
PS5 SONY PLAYSTATION 5 CONSOLE DIGITAL VERSION, SHIPS NOW üööüí®,1699.99
Sony PlayStation 5 Gaming Console Disc Version PS5 Brand NEW *PS5CONDISCD,1029.0
Sony PlayStation 5 Console Disc Version (PS5) Brand New - Ships Today,1399.99
Sony PlayStation 5 Console - Disc Edition PS5 New,999.99
üéÅ Sony PlayStation 5 (PS5) Disc Version Console | ‚úÖ NEW  ‚úÖ IN HAND ‚úÖ SHIPS NOW!,1299.99
Sony PlayStation 5 PS5 Disc version READY TO SHIP,987.65
Sony Playstation 5 PS5 Console Disc Version (Read Description),699.0
Brand New Sony PlayStation 5 PS5 Disc Edition Console - IN HAND! FAST SHIP!,1099.99
Sony PlayStation 5 Disc Edition,950.0
PS5 - PlayStation 5 Console Disk Version - BRAND NEW - IN HAND - READY TO SHIP,1200.0
Playstation 5 Console Disc Version- Brand New- Ready To Ship,995.0
Sony PlayStation 5 Disc Console PS5 BRAND NEW IN HAND SHIPS SAME DAY,1188.88
New Walmart Confirmed PlayStation 5 PS5 Disc Disk Console READ DESCRIPTION!!!!,1290.0
Sony Playstation 5 PS5 Console Disc Version (IMAGE Only READ DESCRIPTION),499.99
PS5 Sony PlayStation 5 CONSOLE DISC Version BRAND NEW - FREE 2 DAY SHIPPING,1349.99
Sony PlayStation 5 Console Disc Version PS5. IN HAND üî•BRAND NEW SHIPS NOWüî•,1749.99
PlayStation 5 Console DISC, BUNDLE, EXTRA CONTROLLER, SPIDERMAN! In Hand,1259.0
Sony PlayStation 5 Console Disc Version - NEW ‚úÖ 100% Rated Seller ‚úÖ,1170.0
Sony PlayStation 5 Console Disc Version (PS5) Brand New, +Pulse Headset!!!,930.0
Sony PlayStation 5 Console - White,1200.0
Sony PlayStation 5 PS5 Disc Version - Brand New - IN HAND - FREE FAST SHIPPING,1099.95
üî• Sony PlayStation 5 PS5 Disc Version - IN-HAND - FREE SHIPPING,1099.95
Sony PlayStation 5 BUNDLE - SAME DAY SHIPPING - TRUSTED SELLER disc disk ps5 blu,1244.0
NEW Sony PlayStation 5 Console Disc Version FREE FEDEX SHIPPING IN HAND,830.0
NIB Sony PlayStation 5 Disc version In Hand Ships ASAP PS5,975.0
Sony PlayStation 5 (PS5) Disc Version Console | ‚úÖ NEW  ‚úÖ IN HAND ‚úÖ SHIPS NOW!,975.0
Sony PlayStation 5 Digital¬†Edition, PS5 (Brand New),999.0
Sony Playstation 5 (PS5) DIGITAL¬†EDITION. BRAND NEW. *IN HAND* FAST SHIP,1000.0
Sony PlayStation 5 Console (PS5) - Disc BRAND NEW SHIPS NOW üööüí®,850.0
Sony Playstation 5 Console Disc Version PS5 - Ships NEXT day!,1250.0
PS5 - PlayStation 5 Console Disc Version,650.0
Sony Playstation 5 PS5 Consile Disc Veesion NEW/SEALED,820.0
Sony Playstation 5 DIGITAL¬†Edition,880.0
Sony PlayStation 5 Console Disc Version BRAND NEW IN HAND PS5 - Fast Shipping,999.99
playstation 5 disc version,930.0
Sony PlayStation 5 Console Digital Version PS5 üî•IN-HAND BRAND NEW SHIPS FASTüî•,1599.99
Sony PlayStation 5 Console - Disc Version (PS5) Brand New - SHIPS OVERNIGHT üööüí®,1649.99
‚úÖFREE SHIPPING‚úÖ PlayStation 5 (DISC) IN HAND ,1350.0
Sony PlayStation 5 DISC VERSION PS5 Console IN HAND SHIPS Same Day,860.0
Sony PlayStation 5 PS5 Disc Edition | BRAND NEW |  üöö SHIPS SAME/NEXT DAY! üöö,950.0
Sony PlayStation 5 Console Disc Version PS5 IN HAND** FREE 2 DAY SHIPPING**üî•,1298.0
Playstation 5 bundle in hand fast shipping ,710.0
üî•üî•Sony PlayStation 5 Disc Bundleüî•üî•,1200.0
Sony PS5 PlayStation 5 Console Disc Version Bundle + Controller & Game,1199.99
Sony PlayStation 5 Console Disc Version - NEW ‚úÖ 100% Rated Seller ‚úÖ,1150.99
Sony PlayStation 5 Console Disc Edition - SAME DAY SHIPPING with EXTRAS!!!,1229.0
PS5 - PlayStation 5 Console Disc Version,940.0
SONY PLAYSTATION 5 (PS5) CONSOLE  (DISC)- BRAND NEW - IN HAND - FAST SHIPPING!,1299.99
Sony PlayStation 5 Console PS5 Disc Version Bundle! With Spider-Man,900.0
Sony PlayStation 5 Console - White,930.0
Sony PlayStation 5 Console Disc Version - Ps5 in Hand | Ships FAST!¬†,710.0
Sony Playstation 5 PS5 Console Disc Version ,950.0
playstation 5 console disc version,1125.0
üî•SHIPS TODAYüî•üïπSony PlayStation 5 PS5 Disc Version incl. Wireless Controller,1075.95
PlayStation 5 (PS5) Disc Version *Brand New In Hand* Ships Free Within 24 Hours!,950.0
NEW SONY PLAYSTATION 5 DISC EDITION CONSOLE,1150.0
Sony PlayStation 5 PS5 Disc / BluRay Edition - Brand NEW - IN HAND, SHIPS NOW,1199.99
SEALED Sony PlayStation 5 DIGITAL VERSION Console - White üî•Inhand/FAST SHIPPING,720.0
BRAND NEW Sony PlayStation 5 Console Disc Version PS5.,1699.99
NEW Sony PlayStation 5 Console Disc Ver FREE OVER NIGHT SHIP EXTRA CONTROLLER,1549.99
PS5 SONY PLAYSTATION 5 CONSOLE DIGITAL VERSION, SHIPS NOW üööüí®,1699.99
Sony PlayStation 5 Gaming Console Disc Version PS5 Brand NEW *PS5CONDISCD,1029.0
Sony PlayStation 5 Console Disc Version (PS5) Brand New - Ships Today,1399.99
Sony PlayStation 5 Console - Disc Edition PS5 New,999.99
üéÅ Sony PlayStation 5 (PS5) Disc Version Console | ‚úÖ NEW  ‚úÖ IN HAND ‚úÖ SHIPS NOW!,1299.99
Sony PlayStation 5 PS5 Disc version READY TO SHIP,987.65
Sony Playstation 5 PS5 Console Disc Version (Read Description),699.0
Brand New Sony PlayStation 5 PS5 Disc Edition Console - IN HAND! FAST SHIP!,1099.99
Sony PlayStation 5 Disc Edition,950.0
PS5 - PlayStation 5 Console Disk Version - BRAND NEW - IN HAND - READY TO SHIP,1200.0
Playstation 5 Console Disc Version- Brand New- Ready To Ship,995.0
Sony PlayStation 5 Disc Console PS5 BRAND NEW IN HAND SHIPS SAME DAY,1188.88
New Walmart Confirmed PlayStation 5 PS5 Disc Disk Console READ DESCRIPTION!!!!,1290.0
Sony Playstation 5 PS5 Console Disc Version (IMAGE Only READ DESCRIPTION),499.99
PS5 Sony PlayStation 5 CONSOLE DISC Version BRAND NEW - FREE 2 DAY SHIPPING,1349.99
Sony PlayStation 5 Console Disc Version PS5. IN HAND üî•BRAND NEW SHIPS NOWüî•,1749.99
PlayStation 5 Console DISC, BUNDLE, EXTRA CONTROLLER, SPIDERMAN! In Hand,1259.0
Sony PlayStation 5 Console Disc Version - NEW ‚úÖ 100% Rated Seller ‚úÖ,1170.0
Sony PlayStation 5 Console Disc Version (PS5) Brand New, +Pulse Headset!!!,930.0
Sony PlayStation 5 Console - White,1200.0
Sony PlayStation 5 PS5 Disc Version - Brand New - IN HAND - FREE FAST SHIPPING,1099.95
üî• Sony PlayStation 5 PS5 Disc Version - IN-HAND - FREE SHIPPING,1099.95
Sony PlayStation 5 BUNDLE - SAME DAY SHIPPING - TRUSTED SELLER disc disk ps5 blu,1244.0
NEW Sony PlayStation 5 Console Disc Version FREE FEDEX SHIPPING IN HAND,830.0
NIB Sony PlayStation 5 Disc version In Hand Ships ASAP PS5,975.0
Sony PlayStation 5 (PS5) Disc Version Console | ‚úÖ NEW  ‚úÖ IN HAND ‚úÖ SHIPS NOW!,975.0
Sony PlayStation 5 Digital¬†Edition, PS5 (Brand New),999.0
Sony Playstation 5 (PS5) DIGITAL¬†EDITION. BRAND NEW. *IN HAND* FAST SHIP,1000.0
Sony PlayStation 5 Console (PS5) - Disc BRAND NEW SHIPS NOW üööüí®,850.0
Sony Playstation 5 Console Disc Version PS5 - Ships NEXT day!,1250.0
PS5 - PlayStation 5 Console Disc Version,650.0
Sony Playstation 5 PS5 Consile Disc Veesion NEW/SEALED,820.0
Sony Playstation 5 DIGITAL¬†Edition,880.0
Sony PlayStation 5 Console Disc Version BRAND NEW IN HAND PS5 - Fast Shipping,999.99
playstation 5 disc version,930.0
Sony PlayStation 5 Console Digital Version PS5 üî•IN-HAND BRAND NEW SHIPS FASTüî•,1599.99
Sony PlayStation 5 Console - Disc Version (PS5) Brand New - SHIPS OVERNIGHT üööüí®,1649.99
‚úÖFREE SHIPPING‚úÖ PlayStation 5 (DISC) IN HAND ,1350.0
Sony PlayStation 5 PS5 Disc Edition | BRAND NEW |  üöö SHIPS SAME/NEXT DAY! üöö,950.0
Sony PlayStation 5 DISC VERSION PS5 Console IN HAND SHIPS Same Day,860.0
Sony PlayStation 5 Console Disc Version PS5 IN HAND** FREE 2 DAY SHIPPING**üî•,1298.0
Playstation 5 bundle in hand fast shipping ,710.0
üî•üî•Sony PlayStation 5 Disc Bundleüî•üî•,1200.0
Sony PS5 PlayStation 5 Console Disc Version Bundle + Controller & Game,1199.99
Sony PlayStation 5 Console Disc Version - NEW ‚úÖ 100% Rated Seller ‚úÖ,1150.99
Sony PlayStation 5 Console Disc Edition - SAME DAY SHIPPING with EXTRAS!!!,1229.0
PS5 - PlayStation 5 Console Disc Version,940.0
SONY PLAYSTATION 5 (PS5) CONSOLE  (DISC)- BRAND NEW - IN HAND - FAST SHIPPING!,1299.99
Sony PlayStation 5 Console PS5 Disc Version Bundle! With Spider-Man,900.0
Sony PlayStation 5 Console - White,930.0
Sony PlayStation 5 Console Disc Version - Ps5 in Hand | Ships FAST!¬†,710.0
Sony Playstation 5 PS5 Console Disc Version ,950.0
playstation 5 console disc version,1125.0
üî•SHIPS TODAYüî•üïπSony PlayStation 5 PS5 Disc Version incl. Wireless Controller,1075.95
PlayStation 5 (PS5) Disc Version *Brand New In Hand* Ships Free Within 24 Hours!,950.0
NEW SONY PLAYSTATION 5 DISC EDITION CONSOLE,1150.0
Sony PlayStation 5 PS5 Disc / BluRay Edition - Brand NEW - IN HAND, SHIPS NOW,1199.99
SEALED Sony PlayStation 5 DIGITAL VERSION Console - White üî•Inhand/FAST SHIPPING,720.0
BRAND NEW Sony PlayStation 5 Console Disc Version PS5.,1699.99
NEW Sony PlayStation 5 Console Disc Ver FREE OVER NIGHT SHIP EXTRA CONTROLLER,1549.99
